ximapex	猛鸡Ultra阿杰xim apex pc ps5键鼠转换器 送最强配置一对一教学
catia软件安装	Catia V5R20/21  V5-6R2013/R2014/R2015/2016/2017/2020远程安装
杨琴琴架盒	扬琴架子盒铝合金包边万象轮401、402杨琴架专用架子盒杨琴盒箱包
高亮度长交通指挥棒	交通指挥棒充电消防应急疏散照明发光闪光棒LED演唱会手持荧光棒
专业乒乓球运动袜	乒乓袜男士超厚运动袜中筒全棉加厚男袜毛巾底吸汗防臭羽毛球袜子
易蒙停药	易蒙停盐酸洛哌丁胺胶囊2mg*12粒/盒增加大便稠硬度油滴状粪便慢性腹泻小儿腹泻排便失禁造瘘急慢性腹泻
树苗家居生活馆	简约植物绿植玻璃贴纸阳台浴室厨房装饰磨砂贴膜半透窗户静电贴画
德亚一斤装牛奶	德亚旗舰店折上折购物金 充值800得830/充值1000得1050
折叠床罩防尘罩	欧润哲 折叠床防尘罩 办公室单人午休床套罩袋子收纳对折床防尘袋
公鸡母 鸡画	超清晰彩色十字绣重绘图纸/源文件名画 公鸡母鸡和小鸡
天山雪莲花	雪莲花天山雪莲正品新疆天山干雪莲花茶干花泡酒中药非野生中药材
二胡弦松香	液体松香二胡大中小提琴贝司板胡无尘拉弦乐器通用演奏琴防滑配件
综合滤盒6006	3M6001CN过滤盒6002 6003 6004 6005 6006滤毒盒6200面具配件
秒变瓜子脸	【小红书推荐】大脸克星 脸大不求人 妙变瓜子脸 v脸神器 拍1发5~
奥尔良烤翅	Tyson/泰森新奥尔良鸡翅300g*5烧烤烤肉料烤鸡翅腌料鸡肉零食冷冻
扣背神器	祝浩康硅胶拍痰器老人催痰杯拍背器按摩器扣痰碗成人儿童拍痰器
小椅包	空钩悟道2021款钓椅后挂包侧挂包多功能防水轻便型配套收纳渔具包
浙江教育出版社旗舰店论语	当当网 正版书籍 论语新版全文注音+详尽注释+精准翻译国学启蒙经典
反渗透滤布	刮刀式离心机滤布丙纶耐酸碱单复丝双层滤片100-6000目高精度滤网
年画挂历	13张名胜墙上挂历大号山水画2022家用挂墙虎年日历月历定制财源滚